respondent_id,factor1,factor2,factor3,factor1_norm,factor2_norm,factor3_norm
1,1.0,0.75,1.0,1.0,0.6666666666666666,1.0
2,1.0,0.75,1.0,1.0,0.6666666666666666,1.0
3,1.0,0.75,0.833333333,1.0,0.6666666666666666,0.833333333
4,1.0,1.0,0.833333333,1.0,1.0,0.833333333
5,1.0,1.0,0.833333333,1.0,1.0,0.833333333
6,1.0,1.0,1.0,1.0,1.0,1.0
7,1.0,1.0,0.666666667,1.0,1.0,0.666666667
8,1.0,1.0,0.666666667,1.0,1.0,0.666666667
9,0.0,1.0,0.666666667,0.0,1.0,0.666666667
10,1.0,1.0,0.666666667,1.0,1.0,0.666666667
11,1.0,1.0,0.666666667,1.0,1.0,0.666666667
12,1.0,1.0,0.666666667,1.0,1.0,0.666666667
13,0.75,1.0,0.666666667,0.75,1.0,0.666666667
14,1.0,0.25,0.5,1.0,0.0,0.5
15,1.0,1.0,0.666666667,1.0,1.0,0.666666667
16,0.75,1.0,0.666666667,0.75,1.0,0.666666667
17,1.0,1.0,0.666666667,1.0,1.0,0.666666667
18,0.0,1.0,0.666666667,0.0,1.0,0.666666667
19,0.5,1.0,0.666666667,0.5,1.0,0.666666667
20,1.0,1.0,0.666666667,1.0,1.0,0.666666667
21,1.0,1.0,1.0,1.0,1.0,1.0
22,1.0,1.0,1.0,1.0,1.0,1.0
23,0.75,1.0,0.5,0.75,1.0,0.5
24,0.5,1.0,1.0,0.5,1.0,1.0
25,0.0,1.0,0.5,0.0,1.0,0.5
26,1.0,1.0,1.0,1.0,1.0,1.0
27,1.0,1.0,0.833333333,1.0,1.0,0.833333333
28,0.75,1.0,0.666666667,0.75,1.0,0.666666667
29,0.75,1.0,1.0,0.75,1.0,1.0
30,1.0,1.0,0.833333333,1.0,1.0,0.833333333
31,1.0,1.0,0.666666667,1.0,1.0,0.666666667
32,0.5,1.0,1.0,0.5,1.0,1.0
33,1.0,1.0,0.833333333,1.0,1.0,0.833333333
34,0.5,1.0,0.666666667,0.5,1.0,0.666666667
35,1.0,1.0,0.833333333,1.0,1.0,0.833333333
36,1.0,1.0,0.833333333,1.0,1.0,0.833333333
37,1.0,1.0,0.833333333,1.0,1.0,0.833333333
38,1.0,0.75,0.833333333,1.0,0.6666666666666666,0.833333333
39,0.75,0.5,0.666666667,0.75,0.3333333333333333,0.666666667
40,1.0,1.0,1.0,1.0,1.0,1.0
41,1.0,1.0,1.0,1.0,1.0,1.0
42,1.0,1.0,0.833333333,1.0,1.0,0.833333333
43,1.0,1.0,0.666666667,1.0,1.0,0.666666667
44,1.0,1.0,0.833333333,1.0,1.0,0.833333333
45,0.75,1.0,0.5,0.75,1.0,0.5
46,0.75,1.0,0.833333333,0.75,1.0,0.833333333
47,1.0,1.0,0.833333333,1.0,1.0,0.833333333
48,1.0,1.0,0.833333333,1.0,1.0,0.833333333
49,0.0,1.0,0.0,0.0,1.0,0.0
50,1.0,1.0,0.666666667,1.0,1.0,0.666666667
51,0.25,1.0,1.0,0.25,1.0,1.0
52,1.0,1.0,0.833333333,1.0,1.0,0.833333333
53,1.0,1.0,0.833333333,1.0,1.0,0.833333333
54,1.0,1.0,0.5,1.0,1.0,0.5
55,0.75,0.75,0.666666667,0.75,0.6666666666666666,0.666666667
56,0.75,1.0,0.833333333,0.75,1.0,0.833333333
57,1.0,1.0,0.833333333,1.0,1.0,0.833333333
58,1.0,1.0,0.833333333,1.0,1.0,0.833333333
59,1.0,1.0,0.833333333,1.0,1.0,0.833333333
60,0.0,1.0,0.0,0.0,1.0,0.0
61,1.0,1.0,0.833333333,1.0,1.0,0.833333333
62,1.0,1.0,0.833333333,1.0,1.0,0.833333333
63,0.75,1.0,0.833333333,0.75,1.0,0.833333333
64,0.75,1.0,0.666666667,0.75,1.0,0.666666667
65,1.0,1.0,0.666666667,1.0,1.0,0.666666667
66,0.75,1.0,0.666666667,0.75,1.0,0.666666667
67,1.0,1.0,0.666666667,1.0,1.0,0.666666667
68,0.5,1.0,0.833333333,0.5,1.0,0.833333333
69,1.0,1.0,0.833333333,1.0,1.0,0.833333333
70,1.0,1.0,0.666666667,1.0,1.0,0.666666667
71,0.75,1.0,0.833333333,0.75,1.0,0.833333333
72,0.5,1.0,0.666666667,0.5,1.0,0.666666667
73,1.0,1.0,0.833333333,1.0,1.0,0.833333333
74,1.0,1.0,0.833333333,1.0,1.0,0.833333333
75,1.0,1.0,0.666666667,1.0,1.0,0.666666667
76,1.0,1.0,0.5,1.0,1.0,0.5
77,1.0,0.75,0.5,1.0,0.6666666666666666,0.5
78,0.75,1.0,0.666666667,0.75,1.0,0.666666667
79,0.75,1.0,0.833333333,0.75,1.0,0.833333333
80,1.0,1.0,0.833333333,1.0,1.0,0.833333333
81,1.0,1.0,0.666666667,1.0,1.0,0.666666667
82,0.0,1.0,0.0,0.0,1.0,0.0
83,0.75,1.0,0.833333333,0.75,1.0,0.833333333
84,0.75,0.5,0.5,0.75,0.3333333333333333,0.5
85,0.75,1.0,0.666666667,0.75,1.0,0.666666667
86,1.0,1.0,0.666666667,1.0,1.0,0.666666667
87,0.0,1.0,0.833333333,0.0,1.0,0.833333333
88,0.25,1.0,0.833333333,0.25,1.0,0.833333333
89,1.0,1.0,0.833333333,1.0,1.0,0.833333333
90,1.0,1.0,0.5,1.0,1.0,0.5
91,1.0,1.0,0.5,1.0,1.0,0.5
92,1.0,1.0,0.666666667,1.0,1.0,0.666666667
93,0.75,1.0,0.5,0.75,1.0,0.5
94,1.0,1.0,1.0,1.0,1.0,1.0
95,0.75,1.0,0.833333333,0.75,1.0,0.833333333
96,1.0,1.0,0.666666667,1.0,1.0,0.666666667
97,1.0,1.0,0.833333333,1.0,1.0,0.833333333
98,1.0,0.75,1.0,1.0,0.6666666666666666,1.0
99,1.0,1.0,1.0,1.0,1.0,1.0
100,0.75,1.0,0.833333333,0.75,1.0,0.833333333
101,1.0,1.0,1.0,1.0,1.0,1.0
102,1.0,1.0,0.666666667,1.0,1.0,0.666666667
103,1.0,1.0,1.0,1.0,1.0,1.0
104,0.0,1.0,0.666666667,0.0,1.0,0.666666667
105,0.75,1.0,0.666666667,0.75,1.0,0.666666667
106,0.0,1.0,0.5,0.0,1.0,0.5
107,0.0,0.75,0.5,0.0,0.6666666666666666,0.5
108,0.5,1.0,1.0,0.5,1.0,1.0
109,1.0,1.0,0.833333333,1.0,1.0,0.833333333
110,1.0,1.0,0.5,1.0,1.0,0.5
111,0.75,0.75,0.666666667,0.75,0.6666666666666666,0.666666667
112,0.75,1.0,0.666666667,0.75,1.0,0.666666667
113,0.25,0.75,1.0,0.25,0.6666666666666666,1.0
114,1.0,1.0,0.666666667,1.0,1.0,0.666666667
115,1.0,1.0,0.666666667,1.0,1.0,0.666666667
116,1.0,1.0,0.5,1.0,1.0,0.5
117,0.5,0.75,0.666666667,0.5,0.6666666666666666,0.666666667
118,0.75,1.0,0.5,0.75,1.0,0.5
119,1.0,1.0,0.666666667,1.0,1.0,0.666666667
120,1.0,1.0,0.666666667,1.0,1.0,0.666666667
121,1.0,1.0,0.5,1.0,1.0,0.5
122,1.0,1.0,0.666666667,1.0,1.0,0.666666667
123,1.0,1.0,0.833333333,1.0,1.0,0.833333333
124,0.75,0.75,0.5,0.75,0.6666666666666666,0.5
125,0.5,1.0,0.666666667,0.5,1.0,0.666666667
126,0.5,0.5,0.5,0.5,0.3333333333333333,0.5
127,0.0,1.0,0.0,0.0,1.0,0.0
128,0.0,1.0,0.666666667,0.0,1.0,0.666666667
129,0.0,1.0,0.0,0.0,1.0,0.0
130,0.0,0.25,0.0,0.0,0.0,0.0
131,0.0,1.0,0.5,0.0,1.0,0.5
132,1.0,1.0,0.666666667,1.0,1.0,0.666666667
133,1.0,1.0,0.666666667,1.0,1.0,0.666666667
134,1.0,1.0,0.833333333,1.0,1.0,0.833333333
135,1.0,1.0,0.666666667,1.0,1.0,0.666666667
136,1.0,1.0,0.666666667,1.0,1.0,0.666666667
137,0.5,1.0,0.833333333,0.5,1.0,0.833333333
138,0.5,0.75,0.5,0.5,0.6666666666666666,0.5
139,1.0,0.5,0.5,1.0,0.3333333333333333,0.5
140,1.0,0.75,0.5,1.0,0.6666666666666666,0.5
141,1.0,0.5,0.666666667,1.0,0.3333333333333333,0.666666667
142,1.0,1.0,0.666666667,1.0,1.0,0.666666667
143,1.0,1.0,0.5,1.0,1.0,0.5
144,0.0,1.0,0.833333333,0.0,1.0,0.833333333
145,0.0,1.0,0.0,0.0,1.0,0.0
146,0.5,1.0,1.0,0.5,1.0,1.0
147,1.0,1.0,0.833333333,1.0,1.0,0.833333333
148,1.0,1.0,0.833333333,1.0,1.0,0.833333333
149,0.0,1.0,0.333333333,0.0,1.0,0.333333333
150,1.0,0.75,0.833333333,1.0,0.6666666666666666,0.833333333
151,1.0,1.0,0.833333333,1.0,1.0,0.833333333
152,0.0,1.0,0.833333333,0.0,1.0,0.833333333
153,0.0,1.0,0.666666667,0.0,1.0,0.666666667
154,0.25,1.0,0.833333333,0.25,1.0,0.833333333
155,0.0,1.0,0.0,0.0,1.0,0.0
156,0.75,0.25,0.5,0.75,0.0,0.5
157,0.0,1.0,0.666666667,0.0,1.0,0.666666667
158,0.75,1.0,0.333333333,0.75,1.0,0.333333333
159,0.75,1.0,0.5,0.75,1.0,0.5
160,0.5,1.0,1.0,0.5,1.0,1.0
161,0.0,1.0,0.666666667,0.0,1.0,0.666666667
162,0.5,1.0,0.833333333,0.5,1.0,0.833333333
163,1.0,1.0,0.833333333,1.0,1.0,0.833333333
164,0.75,1.0,0.833333333,0.75,1.0,0.833333333
165,1.0,1.0,0.666666667,1.0,1.0,0.666666667
166,0.25,1.0,0.666666667,0.25,1.0,0.666666667
167,0.75,1.0,0.666666667,0.75,1.0,0.666666667
168,0.5,1.0,0.5,0.5,1.0,0.5
169,0.0,1.0,0.5,0.0,1.0,0.5
170,0.75,1.0,0.833333333,0.75,1.0,0.833333333
171,0.0,1.0,0.0,0.0,1.0,0.0
172,1.0,1.0,0.833333333,1.0,1.0,0.833333333
173,0.25,1.0,0.5,0.25,1.0,0.5
174,0.0,1.0,0.0,0.0,1.0,0.0
175,0.0,1.0,0.333333333,0.0,1.0,0.333333333
176,1.0,1.0,1.0,1.0,1.0,1.0
177,1.0,1.0,1.0,1.0,1.0,1.0
178,0.25,1.0,0.666666667,0.25,1.0,0.666666667
179,0.75,1.0,0.833333333,0.75,1.0,0.833333333
180,0.75,1.0,0.666666667,0.75,1.0,0.666666667
181,1.0,1.0,0.666666667,1.0,1.0,0.666666667
182,1.0,1.0,0.5,1.0,1.0,0.5
183,0.75,1.0,0.666666667,0.75,1.0,0.666666667
184,0.5,1.0,0.666666667,0.5,1.0,0.666666667
185,1.0,0.75,1.0,1.0,0.6666666666666666,1.0
186,1.0,1.0,0.666666667,1.0,1.0,0.666666667
187,1.0,1.0,0.833333333,1.0,1.0,0.833333333
188,1.0,0.75,0.666666667,1.0,0.6666666666666666,0.666666667
189,1.0,1.0,0.5,1.0,1.0,0.5
190,1.0,1.0,0.833333333,1.0,1.0,0.833333333
191,0.0,1.0,0.833333333,0.0,1.0,0.833333333
192,1.0,1.0,0.5,1.0,1.0,0.5
193,1.0,1.0,0.666666667,1.0,1.0,0.666666667
194,0.0,0.5,0.5,0.0,0.3333333333333333,0.5
195,1.0,1.0,0.833333333,1.0,1.0,0.833333333
196,1.0,1.0,0.833333333,1.0,1.0,0.833333333
197,1.0,1.0,0.833333333,1.0,1.0,0.833333333
198,1.0,1.0,0.666666667,1.0,1.0,0.666666667
199,0.0,1.0,0.5,0.0,1.0,0.5
200,0.25,1.0,0.666666667,0.25,1.0,0.666666667
201,0.5,1.0,1.0,0.5,1.0,1.0
202,1.0,1.0,0.5,1.0,1.0,0.5
203,1.0,1.0,0.666666667,1.0,1.0,0.666666667
204,1.0,1.0,0.666666667,1.0,1.0,0.666666667
205,0.5,1.0,0.666666667,0.5,1.0,0.666666667
206,1.0,1.0,0.666666667,1.0,1.0,0.666666667
207,1.0,1.0,0.666666667,1.0,1.0,0.666666667
208,0.5,0.75,0.833333333,0.5,0.6666666666666666,0.833333333
209,0.5,1.0,0.833333333,0.5,1.0,0.833333333
210,0.5,1.0,0.5,0.5,1.0,0.5
211,1.0,1.0,0.833333333,1.0,1.0,0.833333333
212,1.0,1.0,0.666666667,1.0,1.0,0.666666667
213,0.75,1.0,0.666666667,0.75,1.0,0.666666667
214,0.5,0.5,0.5,0.5,0.3333333333333333,0.5
215,1.0,0.75,1.0,1.0,0.6666666666666666,1.0
216,1.0,1.0,0.666666667,1.0,1.0,0.666666667
217,1.0,1.0,0.666666667,1.0,1.0,0.666666667
218,0.75,0.75,1.0,0.75,0.6666666666666666,1.0
219,0.75,1.0,0.666666667,0.75,1.0,0.666666667
220,0.5,1.0,0.5,0.5,1.0,0.5
221,1.0,1.0,0.5,1.0,1.0,0.5
222,0.25,0.75,0.666666667,0.25,0.6666666666666666,0.666666667
223,1.0,1.0,0.666666667,1.0,1.0,0.666666667
224,0.75,1.0,0.666666667,0.75,1.0,0.666666667
225,1.0,1.0,0.666666667,1.0,1.0,0.666666667
226,1.0,0.75,0.666666667,1.0,0.6666666666666666,0.666666667
227,1.0,1.0,0.666666667,1.0,1.0,0.666666667
228,0.5,0.75,0.5,0.5,0.6666666666666666,0.5
229,0.75,0.75,0.666666667,0.75,0.6666666666666666,0.666666667
230,1.0,1.0,0.5,1.0,1.0,0.5
231,0.5,1.0,0.666666667,0.5,1.0,0.666666667
232,0.75,0.75,0.5,0.75,0.6666666666666666,0.5
233,1.0,0.75,0.666666667,1.0,0.6666666666666666,0.666666667
234,1.0,1.0,0.666666667,1.0,1.0,0.666666667
235,1.0,1.0,0.5,1.0,1.0,0.5
236,1.0,1.0,0.666666667,1.0,1.0,0.666666667
237,0.75,1.0,0.666666667,0.75,1.0,0.666666667
238,0.0,1.0,0.833333333,0.0,1.0,0.833333333
239,0.75,1.0,0.833333333,0.75,1.0,0.833333333
240,1.0,1.0,0.833333333,1.0,1.0,0.833333333
241,1.0,1.0,0.5,1.0,1.0,0.5
242,0.75,1.0,0.833333333,0.75,1.0,0.833333333
243,1.0,1.0,0.5,1.0,1.0,0.5
244,0.0,1.0,0.0,0.0,1.0,0.0
245,1.0,1.0,0.833333333,1.0,1.0,0.833333333
246,1.0,1.0,0.666666667,1.0,1.0,0.666666667
247,1.0,1.0,0.666666667,1.0,1.0,0.666666667
248,1.0,1.0,0.666666667,1.0,1.0,0.666666667
249,1.0,1.0,0.833333333,1.0,1.0,0.833333333
250,1.0,1.0,0.333333333,1.0,1.0,0.333333333
251,1.0,1.0,0.666666667,1.0,1.0,0.666666667
252,1.0,1.0,0.333333333,1.0,1.0,0.333333333
253,0.0,1.0,0.833333333,0.0,1.0,0.833333333
254,0.0,0.75,0.0,0.0,0.6666666666666666,0.0
255,1.0,0.75,0.666666667,1.0,0.6666666666666666,0.666666667
256,0.5,1.0,0.666666667,0.5,1.0,0.666666667
257,1.0,1.0,0.833333333,1.0,1.0,0.833333333
258,0.75,1.0,0.666666667,0.75,1.0,0.666666667
259,0.0,1.0,0.5,0.0,1.0,0.5
260,1.0,1.0,0.666666667,1.0,1.0,0.666666667
261,1.0,1.0,0.666666667,1.0,1.0,0.666666667
262,1.0,1.0,1.0,1.0,1.0,1.0
263,0.75,1.0,0.833333333,0.75,1.0,0.833333333
264,1.0,1.0,0.666666667,1.0,1.0,0.666666667
265,0.75,1.0,0.5,0.75,1.0,0.5
266,1.0,1.0,0.666666667,1.0,1.0,0.666666667
267,0.25,1.0,0.5,0.25,1.0,0.5
268,0.25,1.0,0.5,0.25,1.0,0.5
269,1.0,1.0,0.833333333,1.0,1.0,0.833333333
270,1.0,1.0,0.833333333,1.0,1.0,0.833333333
271,1.0,1.0,0.833333333,1.0,1.0,0.833333333
272,1.0,1.0,0.666666667,1.0,1.0,0.666666667
273,0.0,0.75,0.5,0.0,0.6666666666666666,0.5
274,1.0,1.0,0.666666667,1.0,1.0,0.666666667
275,1.0,1.0,0.833333333,1.0,1.0,0.833333333
276,1.0,1.0,0.833333333,1.0,1.0,0.833333333
277,1.0,1.0,0.666666667,1.0,1.0,0.666666667
278,1.0,1.0,1.0,1.0,1.0,1.0
279,1.0,1.0,0.833333333,1.0,1.0,0.833333333
280,1.0,1.0,0.5,1.0,1.0,0.5
281,0.5,1.0,0.666666667,0.5,1.0,0.666666667
282,0.75,0.75,0.5,0.75,0.6666666666666666,0.5
283,0.5,1.0,0.666666667,0.5,1.0,0.666666667
284,1.0,1.0,0.666666667,1.0,1.0,0.666666667
285,1.0,1.0,0.666666667,1.0,1.0,0.666666667
286,0.75,1.0,0.5,0.75,1.0,0.5
287,0.0,1.0,0.5,0.0,1.0,0.5
288,0.75,1.0,0.5,0.75,1.0,0.5
289,1.0,1.0,0.666666667,1.0,1.0,0.666666667
290,1.0,0.75,0.833333333,1.0,0.6666666666666666,0.833333333
291,1.0,0.75,0.666666667,1.0,0.6666666666666666,0.666666667
292,0.5,1.0,0.833333333,0.5,1.0,0.833333333
293,0.5,1.0,0.666666667,0.5,1.0,0.666666667
294,0.25,1.0,0.666666667,0.25,1.0,0.666666667
295,0.5,1.0,0.666666667,0.5,1.0,0.666666667
296,0.25,0.75,0.5,0.25,0.6666666666666666,0.5
297,0.5,0.75,0.666666667,0.5,0.6666666666666666,0.666666667
298,0.75,1.0,0.5,0.75,1.0,0.5
299,1.0,1.0,0.833333333,1.0,1.0,0.833333333
300,0.0,1.0,0.5,0.0,1.0,0.5
301,0.75,1.0,0.666666667,0.75,1.0,0.666666667
302,0.75,1.0,0.5,0.75,1.0,0.5
303,0.0,1.0,0.666666667,0.0,1.0,0.666666667
304,0.0,1.0,0.5,0.0,1.0,0.5
305,0.0,0.75,0.5,0.0,0.6666666666666666,0.5
306,0.25,1.0,0.5,0.25,1.0,0.5
307,1.0,1.0,0.833333333,1.0,1.0,0.833333333
308,0.75,1.0,0.5,0.75,1.0,0.5
309,0.25,1.0,0.5,0.25,1.0,0.5
310,1.0,0.75,0.666666667,1.0,0.6666666666666666,0.666666667
311,0.0,1.0,0.0,0.0,1.0,0.0
312,0.75,1.0,0.5,0.75,1.0,0.5
313,1.0,1.0,0.666666667,1.0,1.0,0.666666667
314,1.0,1.0,0.666666667,1.0,1.0,0.666666667
315,0.75,1.0,0.5,0.75,1.0,0.5
316,0.5,1.0,1.0,0.5,1.0,1.0
317,1.0,1.0,0.666666667,1.0,1.0,0.666666667
318,1.0,1.0,0.666666667,1.0,1.0,0.666666667
319,0.75,1.0,0.666666667,0.75,1.0,0.666666667
320,0.75,1.0,0.666666667,0.75,1.0,0.666666667
321,0.75,1.0,1.0,0.75,1.0,1.0
322,1.0,1.0,0.5,1.0,1.0,0.5
323,0.0,1.0,0.666666667,0.0,1.0,0.666666667
324,1.0,1.0,0.833333333,1.0,1.0,0.833333333
325,1.0,1.0,0.833333333,1.0,1.0,0.833333333
326,0.75,1.0,0.5,0.75,1.0,0.5
327,1.0,1.0,0.666666667,1.0,1.0,0.666666667
328,1.0,1.0,0.666666667,1.0,1.0,0.666666667
329,0.0,1.0,0.0,0.0,1.0,0.0
330,1.0,1.0,0.666666667,1.0,1.0,0.666666667
331,1.0,1.0,1.0,1.0,1.0,1.0
332,0.5,1.0,0.833333333,0.5,1.0,0.833333333
333,1.0,1.0,0.833333333,1.0,1.0,0.833333333
334,0.25,1.0,0.666666667,0.25,1.0,0.666666667
335,1.0,0.75,0.666666667,1.0,0.6666666666666666,0.666666667
336,0.0,1.0,0.666666667,0.0,1.0,0.666666667
337,0.5,1.0,0.5,0.5,1.0,0.5
338,0.5,0.75,0.833333333,0.5,0.6666666666666666,0.833333333
339,1.0,1.0,0.666666667,1.0,1.0,0.666666667
340,1.0,1.0,0.5,1.0,1.0,0.5
341,1.0,1.0,0.333333333,1.0,1.0,0.333333333
342,0.25,1.0,0.666666667,0.25,1.0,0.666666667
343,0.0,0.75,0.666666667,0.0,0.6666666666666666,0.666666667
344,1.0,1.0,0.5,1.0,1.0,0.5
345,1.0,1.0,0.833333333,1.0,1.0,0.833333333
346,0.0,1.0,0.0,0.0,1.0,0.0
347,0.0,1.0,0.666666667,0.0,1.0,0.666666667
348,0.75,1.0,0.5,0.75,1.0,0.5
349,0.0,1.0,0.666666667,0.0,1.0,0.666666667
350,0.0,1.0,0.0,0.0,1.0,0.0
351,0.75,1.0,0.833333333,0.75,1.0,0.833333333
352,1.0,1.0,0.833333333,1.0,1.0,0.833333333
353,0.5,1.0,0.666666667,0.5,1.0,0.666666667
354,1.0,1.0,0.833333333,1.0,1.0,0.833333333
355,0.75,1.0,0.5,0.75,1.0,0.5
356,0.75,1.0,0.666666667,0.75,1.0,0.666666667
357,1.0,1.0,0.833333333,1.0,1.0,0.833333333
358,1.0,1.0,0.666666667,1.0,1.0,0.666666667
359,1.0,1.0,0.666666667,1.0,1.0,0.666666667
360,1.0,1.0,0.666666667,1.0,1.0,0.666666667
361,0.75,1.0,0.666666667,0.75,1.0,0.666666667
362,0.75,1.0,0.666666667,0.75,1.0,0.666666667
363,0.0,1.0,0.0,0.0,1.0,0.0
364,1.0,1.0,0.833333333,1.0,1.0,0.833333333
365,0.75,1.0,0.666666667,0.75,1.0,0.666666667
366,0.5,1.0,0.666666667,0.5,1.0,0.666666667
367,0.0,0.75,0.5,0.0,0.6666666666666666,0.5
368,1.0,1.0,0.666666667,1.0,1.0,0.666666667
369,0.75,1.0,0.666666667,0.75,1.0,0.666666667
370,0.0,1.0,0.0,0.0,1.0,0.0
371,0.25,1.0,0.5,0.25,1.0,0.5
372,1.0,1.0,0.666666667,1.0,1.0,0.666666667
373,0.75,1.0,0.666666667,0.75,1.0,0.666666667
374,1.0,1.0,0.833333333,1.0,1.0,0.833333333
375,1.0,1.0,0.833333333,1.0,1.0,0.833333333
376,1.0,1.0,0.666666667,1.0,1.0,0.666666667
377,1.0,1.0,0.666666667,1.0,1.0,0.666666667
378,0.75,1.0,0.833333333,0.75,1.0,0.833333333
379,0.25,1.0,0.5,0.25,1.0,0.5
380,0.75,0.75,0.5,0.75,0.6666666666666666,0.5
381,0.0,0.75,0.666666667,0.0,0.6666666666666666,0.666666667
382,1.0,1.0,0.666666667,1.0,1.0,0.666666667
383,1.0,1.0,0.666666667,1.0,1.0,0.666666667
384,0.75,1.0,0.666666667,0.75,1.0,0.666666667
385,1.0,1.0,0.833333333,1.0,1.0,0.833333333
386,0.25,1.0,0.833333333,0.25,1.0,0.833333333
387,1.0,1.0,0.833333333,1.0,1.0,0.833333333
388,1.0,1.0,0.666666667,1.0,1.0,0.666666667
389,0.75,1.0,0.833333333,0.75,1.0,0.833333333
390,1.0,1.0,0.833333333,1.0,1.0,0.833333333
391,1.0,1.0,0.666666667,1.0,1.0,0.666666667
392,1.0,1.0,0.666666667,1.0,1.0,0.666666667
393,1.0,0.75,0.833333333,1.0,0.6666666666666666,0.833333333
394,0.0,1.0,0.666666667,0.0,1.0,0.666666667
395,1.0,1.0,0.666666667,1.0,1.0,0.666666667
396,0.0,1.0,0.666666667,0.0,1.0,0.666666667
397,0.75,1.0,0.833333333,0.75,1.0,0.833333333
398,1.0,1.0,1.0,1.0,1.0,1.0
399,1.0,1.0,0.833333333,1.0,1.0,0.833333333
400,1.0,1.0,1.0,1.0,1.0,1.0
401,0.75,1.0,0.833333333,0.75,1.0,0.833333333
402,1.0,1.0,0.833333333,1.0,1.0,0.833333333
403,1.0,0.75,0.666666667,1.0,0.6666666666666666,0.666666667
404,1.0,0.75,0.666666667,1.0,0.6666666666666666,0.666666667
405,1.0,0.75,0.666666667,1.0,0.6666666666666666,0.666666667
406,1.0,0.75,0.5,1.0,0.6666666666666666,0.5
407,1.0,1.0,0.833333333,1.0,1.0,0.833333333
408,1.0,1.0,0.666666667,1.0,1.0,0.666666667
409,0.75,1.0,0.833333333,0.75,1.0,0.833333333
410,1.0,1.0,0.833333333,1.0,1.0,0.833333333
411,1.0,1.0,0.833333333,1.0,1.0,0.833333333
412,1.0,1.0,0.666666667,1.0,1.0,0.666666667
413,0.5,0.75,0.666666667,0.5,0.6666666666666666,0.666666667
414,0.75,1.0,0.666666667,0.75,1.0,0.666666667
415,1.0,0.75,0.666666667,1.0,0.6666666666666666,0.666666667
416,1.0,1.0,0.666666667,1.0,1.0,0.666666667
417,0.25,1.0,0.5,0.25,1.0,0.5
418,0.0,1.0,0.666666667,0.0,1.0,0.666666667
419,1.0,1.0,0.833333333,1.0,1.0,0.833333333
420,1.0,1.0,0.833333333,1.0,1.0,0.833333333
421,1.0,1.0,0.666666667,1.0,1.0,0.666666667
422,0.0,1.0,0.666666667,0.0,1.0,0.666666667
423,1.0,1.0,0.833333333,1.0,1.0,0.833333333
424,0.25,1.0,0.5,0.25,1.0,0.5
425,1.0,1.0,0.833333333,1.0,1.0,0.833333333
426,0.0,1.0,0.5,0.0,1.0,0.5
427,0.0,1.0,0.0,0.0,1.0,0.0
428,1.0,1.0,0.833333333,1.0,1.0,0.833333333
429,0.75,1.0,0.833333333,0.75,1.0,0.833333333
430,1.0,1.0,0.5,1.0,1.0,0.5
431,1.0,1.0,0.5,1.0,1.0,0.5
432,0.5,1.0,0.666666667,0.5,1.0,0.666666667
433,0.5,1.0,0.666666667,0.5,1.0,0.666666667
434,1.0,1.0,1.0,1.0,1.0,1.0
435,0.25,1.0,0.666666667,0.25,1.0,0.666666667
436,1.0,1.0,0.833333333,1.0,1.0,0.833333333
437,0.5,1.0,0.833333333,0.5,1.0,0.833333333
438,1.0,1.0,1.0,1.0,1.0,1.0
439,1.0,1.0,0.5,1.0,1.0,0.5
440,0.25,1.0,0.666666667,0.25,1.0,0.666666667
441,0.0,1.0,0.666666667,0.0,1.0,0.666666667
442,0.25,1.0,0.666666667,0.25,1.0,0.666666667
443,1.0,1.0,0.666666667,1.0,1.0,0.666666667
444,0.0,1.0,0.5,0.0,1.0,0.5
445,0.5,1.0,0.666666667,0.5,1.0,0.666666667
446,0.0,0.75,0.5,0.0,0.6666666666666666,0.5
447,0.5,0.75,0.666666667,0.5,0.6666666666666666,0.666666667
448,0.5,1.0,0.666666667,0.5,1.0,0.666666667
449,1.0,1.0,0.833333333,1.0,1.0,0.833333333
450,1.0,1.0,0.666666667,1.0,1.0,0.666666667
451,1.0,1.0,0.666666667,1.0,1.0,0.666666667
452,1.0,1.0,0.833333333,1.0,1.0,0.833333333
453,0.75,1.0,0.666666667,0.75,1.0,0.666666667
454,0.5,1.0,0.666666667,0.5,1.0,0.666666667
455,0.0,1.0,0.666666667,0.0,1.0,0.666666667
456,1.0,1.0,0.833333333,1.0,1.0,0.833333333
457,1.0,1.0,0.833333333,1.0,1.0,0.833333333
458,0.0,1.0,0.666666667,0.0,1.0,0.666666667
459,1.0,1.0,0.5,1.0,1.0,0.5
460,0.0,1.0,0.0,0.0,1.0,0.0
461,0.75,1.0,0.833333333,0.75,1.0,0.833333333
462,0.5,1.0,0.5,0.5,1.0,0.5
463,0.0,1.0,0.833333333,0.0,1.0,0.833333333
464,1.0,1.0,1.0,1.0,1.0,1.0
465,1.0,1.0,0.666666667,1.0,1.0,0.666666667
466,1.0,1.0,0.666666667,1.0,1.0,0.666666667
467,1.0,1.0,0.5,1.0,1.0,0.5
468,1.0,1.0,0.333333333,1.0,1.0,0.333333333
469,0.75,1.0,0.666666667,0.75,1.0,0.666666667
470,0.0,1.0,0.833333333,0.0,1.0,0.833333333
471,0.75,1.0,0.5,0.75,1.0,0.5
472,0.25,1.0,0.666666667,0.25,1.0,0.666666667
473,0.75,1.0,0.666666667,0.75,1.0,0.666666667
474,0.75,1.0,0.5,0.75,1.0,0.5
475,0.5,1.0,0.666666667,0.5,1.0,0.666666667
476,1.0,1.0,0.666666667,1.0,1.0,0.666666667
477,1.0,1.0,0.666666667,1.0,1.0,0.666666667
478,1.0,1.0,0.833333333,1.0,1.0,0.833333333
479,0.5,1.0,0.833333333,0.5,1.0,0.833333333
480,1.0,1.0,0.666666667,1.0,1.0,0.666666667
481,1.0,1.0,0.5,1.0,1.0,0.5
482,1.0,1.0,0.5,1.0,1.0,0.5
483,0.5,1.0,1.0,0.5,1.0,1.0
484,1.0,1.0,0.833333333,1.0,1.0,0.833333333
485,1.0,1.0,0.666666667,1.0,1.0,0.666666667
486,0.75,1.0,0.5,0.75,1.0,0.5
487,0.0,1.0,0.666666667,0.0,1.0,0.666666667
488,0.0,1.0,0.0,0.0,1.0,0.0
489,0.25,0.75,0.5,0.25,0.6666666666666666,0.5
490,1.0,1.0,0.833333333,1.0,1.0,0.833333333
491,1.0,1.0,0.666666667,1.0,1.0,0.666666667
492,0.75,1.0,0.833333333,0.75,1.0,0.833333333
493,1.0,1.0,0.833333333,1.0,1.0,0.833333333
494,1.0,1.0,0.833333333,1.0,1.0,0.833333333
495,0.0,0.75,0.666666667,0.0,0.6666666666666666,0.666666667
496,1.0,1.0,0.666666667,1.0,1.0,0.666666667
497,0.75,1.0,0.666666667,0.75,1.0,0.666666667
498,1.0,1.0,0.5,1.0,1.0,0.5
499,0.5,1.0,0.5,0.5,1.0,0.5
500,1.0,1.0,0.5,1.0,1.0,0.5
501,0.0,1.0,0.0,0.0,1.0,0.0
502,1.0,1.0,0.666666667,1.0,1.0,0.666666667
503,1.0,0.75,0.666666667,1.0,0.6666666666666666,0.666666667
504,1.0,1.0,0.5,1.0,1.0,0.5
505,0.5,1.0,0.333333333,0.5,1.0,0.333333333
506,0.0,1.0,1.0,0.0,1.0,1.0
507,0.5,1.0,0.5,0.5,1.0,0.5
508,0.5,1.0,0.5,0.5,1.0,0.5
509,1.0,1.0,1.0,1.0,1.0,1.0
510,1.0,1.0,0.833333333,1.0,1.0,0.833333333
511,0.75,1.0,0.5,0.75,1.0,0.5
512,0.5,1.0,0.666666667,0.5,1.0,0.666666667
513,0.75,1.0,0.666666667,0.75,1.0,0.666666667
514,1.0,1.0,0.833333333,1.0,1.0,0.833333333
515,0.0,1.0,0.0,0.0,1.0,0.0
516,1.0,1.0,0.5,1.0,1.0,0.5
517,1.0,1.0,0.666666667,1.0,1.0,0.666666667
518,0.75,1.0,0.666666667,0.75,1.0,0.666666667
519,0.75,1.0,0.666666667,0.75,1.0,0.666666667
520,0.5,1.0,0.666666667,0.5,1.0,0.666666667
521,1.0,1.0,0.5,1.0,1.0,0.5
522,1.0,1.0,0.833333333,1.0,1.0,0.833333333
523,0.5,1.0,0.833333333,0.5,1.0,0.833333333
524,0.75,1.0,0.833333333,0.75,1.0,0.833333333
525,1.0,1.0,0.5,1.0,1.0,0.5
526,0.25,1.0,0.666666667,0.25,1.0,0.666666667
527,1.0,1.0,0.5,1.0,1.0,0.5
528,1.0,1.0,0.666666667,1.0,1.0,0.666666667
529,1.0,1.0,0.5,1.0,1.0,0.5
530,0.25,1.0,0.5,0.25,1.0,0.5
531,1.0,1.0,0.833333333,1.0,1.0,0.833333333
532,0.5,1.0,0.833333333,0.5,1.0,0.833333333
533,0.25,1.0,0.666666667,0.25,1.0,0.666666667
534,1.0,1.0,0.833333333,1.0,1.0,0.833333333
535,1.0,1.0,0.666666667,1.0,1.0,0.666666667
536,1.0,1.0,0.5,1.0,1.0,0.5
537,1.0,1.0,0.833333333,1.0,1.0,0.833333333
538,1.0,1.0,0.666666667,1.0,1.0,0.666666667
539,0.0,1.0,0.666666667,0.0,1.0,0.666666667
540,0.5,1.0,1.0,0.5,1.0,1.0
541,1.0,1.0,0.666666667,1.0,1.0,0.666666667
542,0.75,1.0,0.5,0.75,1.0,0.5
543,1.0,1.0,0.5,1.0,1.0,0.5
544,1.0,1.0,0.666666667,1.0,1.0,0.666666667
545,1.0,1.0,0.666666667,1.0,1.0,0.666666667
546,1.0,1.0,0.5,1.0,1.0,0.5
547,0.25,1.0,0.5,0.25,1.0,0.5
548,0.75,1.0,0.833333333,0.75,1.0,0.833333333
549,1.0,1.0,0.666666667,1.0,1.0,0.666666667
550,1.0,1.0,0.833333333,1.0,1.0,0.833333333
551,0.75,1.0,0.666666667,0.75,1.0,0.666666667
552,0.5,1.0,0.666666667,0.5,1.0,0.666666667
553,0.75,0.75,1.0,0.75,0.6666666666666666,1.0
554,1.0,1.0,0.5,1.0,1.0,0.5
555,1.0,1.0,0.5,1.0,1.0,0.5
556,1.0,1.0,0.833333333,1.0,1.0,0.833333333
557,0.0,1.0,0.5,0.0,1.0,0.5
558,0.25,1.0,0.5,0.25,1.0,0.5
559,1.0,1.0,0.666666667,1.0,1.0,0.666666667
560,0.0,1.0,0.5,0.0,1.0,0.5
561,0.5,1.0,0.833333333,0.5,1.0,0.833333333
562,1.0,1.0,1.0,1.0,1.0,1.0
563,0.0,1.0,0.666666667,0.0,1.0,0.666666667
564,1.0,1.0,0.666666667,1.0,1.0,0.666666667
565,0.25,1.0,0.666666667,0.25,1.0,0.666666667
566,1.0,1.0,0.666666667,1.0,1.0,0.666666667
567,0.75,1.0,0.666666667,0.75,1.0,0.666666667
568,1.0,1.0,0.833333333,1.0,1.0,0.833333333
569,0.5,1.0,0.666666667,0.5,1.0,0.666666667
570,0.0,1.0,0.666666667,0.0,1.0,0.666666667
571,0.5,1.0,0.666666667,0.5,1.0,0.666666667
572,1.0,1.0,0.666666667,1.0,1.0,0.666666667
573,0.75,1.0,0.5,0.75,1.0,0.5
574,0.0,1.0,0.5,0.0,1.0,0.5
575,1.0,1.0,0.833333333,1.0,1.0,0.833333333
576,1.0,1.0,0.666666667,1.0,1.0,0.666666667
577,0.5,1.0,1.0,0.5,1.0,1.0
578,0.75,1.0,0.5,0.75,1.0,0.5
579,0.0,1.0,0.666666667,0.0,1.0,0.666666667
580,0.75,1.0,0.666666667,0.75,1.0,0.666666667
581,1.0,1.0,0.666666667,1.0,1.0,0.666666667
582,1.0,1.0,0.666666667,1.0,1.0,0.666666667
583,1.0,1.0,0.5,1.0,1.0,0.5
584,0.0,0.75,0.833333333,0.0,0.6666666666666666,0.833333333
585,1.0,1.0,0.666666667,1.0,1.0,0.666666667
586,0.0,1.0,0.666666667,0.0,1.0,0.666666667
587,1.0,1.0,0.666666667,1.0,1.0,0.666666667
588,1.0,0.75,0.5,1.0,0.6666666666666666,0.5
589,1.0,1.0,0.666666667,1.0,1.0,0.666666667
590,0.5,1.0,0.833333333,0.5,1.0,0.833333333
591,1.0,1.0,0.5,1.0,1.0,0.5
592,1.0,1.0,0.833333333,1.0,1.0,0.833333333
593,0.75,1.0,0.5,0.75,1.0,0.5
594,1.0,1.0,1.0,1.0,1.0,1.0
595,0.0,1.0,0.833333333,0.0,1.0,0.833333333
596,0.5,1.0,0.666666667,0.5,1.0,0.666666667
597,0.0,1.0,0.833333333,0.0,1.0,0.833333333
598,1.0,1.0,0.666666667,1.0,1.0,0.666666667
599,0.75,1.0,0.833333333,0.75,1.0,0.833333333
600,1.0,0.75,0.833333333,1.0,0.6666666666666666,0.833333333
601,0.75,0.75,0.666666667,0.75,0.6666666666666666,0.666666667
602,1.0,1.0,0.833333333,1.0,1.0,0.833333333
603,1.0,1.0,0.833333333,1.0,1.0,0.833333333
604,1.0,1.0,0.5,1.0,1.0,0.5
605,0.5,1.0,1.0,0.5,1.0,1.0
606,1.0,1.0,0.833333333,1.0,1.0,0.833333333
607,1.0,0.75,0.5,1.0,0.6666666666666666,0.5
608,1.0,1.0,0.5,1.0,1.0,0.5
609,1.0,1.0,0.666666667,1.0,1.0,0.666666667
610,1.0,1.0,0.833333333,1.0,1.0,0.833333333
611,1.0,1.0,0.833333333,1.0,1.0,0.833333333
612,1.0,1.0,0.666666667,1.0,1.0,0.666666667
613,0.5,1.0,0.833333333,0.5,1.0,0.833333333
614,0.75,1.0,0.833333333,0.75,1.0,0.833333333
615,0.0,1.0,0.5,0.0,1.0,0.5
616,0.0,1.0,0.5,0.0,1.0,0.5
617,1.0,1.0,0.833333333,1.0,1.0,0.833333333
618,0.25,1.0,0.833333333,0.25,1.0,0.833333333
619,0.0,0.75,0.5,0.0,0.6666666666666666,0.5
620,1.0,1.0,0.833333333,1.0,1.0,0.833333333
621,1.0,1.0,0.666666667,1.0,1.0,0.666666667
622,1.0,1.0,0.833333333,1.0,1.0,0.833333333
623,1.0,1.0,0.666666667,1.0,1.0,0.666666667
624,1.0,1.0,0.666666667,1.0,1.0,0.666666667
625,1.0,1.0,0.666666667,1.0,1.0,0.666666667
626,0.75,1.0,0.5,0.75,1.0,0.5
627,1.0,1.0,0.833333333,1.0,1.0,0.833333333
628,0.75,1.0,0.666666667,0.75,1.0,0.666666667
629,1.0,1.0,0.666666667,1.0,1.0,0.666666667
630,1.0,1.0,0.666666667,1.0,1.0,0.666666667
631,1.0,1.0,0.666666667,1.0,1.0,0.666666667
632,0.0,1.0,0.666666667,0.0,1.0,0.666666667
633,0.5,1.0,0.666666667,0.5,1.0,0.666666667
634,1.0,1.0,0.666666667,1.0,1.0,0.666666667
635,1.0,1.0,0.666666667,1.0,1.0,0.666666667
636,1.0,1.0,0.666666667,1.0,1.0,0.666666667
637,0.0,1.0,0.666666667,0.0,1.0,0.666666667
638,0.25,0.75,0.666666667,0.25,0.6666666666666666,0.666666667
639,0.5,1.0,0.666666667,0.5,1.0,0.666666667
640,1.0,1.0,0.833333333,1.0,1.0,0.833333333
641,1.0,1.0,0.833333333,1.0,1.0,0.833333333
642,1.0,1.0,0.666666667,1.0,1.0,0.666666667
643,0.75,1.0,0.5,0.75,1.0,0.5
644,1.0,1.0,0.833333333,1.0,1.0,0.833333333
645,0.0,1.0,0.5,0.0,1.0,0.5
646,1.0,1.0,0.666666667,1.0,1.0,0.666666667
647,0.25,1.0,0.666666667,0.25,1.0,0.666666667
648,0.5,1.0,0.5,0.5,1.0,0.5
649,0.0,0.75,0.666666667,0.0,0.6666666666666666,0.666666667
650,0.75,1.0,0.833333333,0.75,1.0,0.833333333
651,0.75,1.0,0.666666667,0.75,1.0,0.666666667
652,0.75,1.0,0.666666667,0.75,1.0,0.666666667
653,1.0,1.0,0.833333333,1.0,1.0,0.833333333
654,1.0,1.0,0.5,1.0,1.0,0.5
655,0.0,1.0,0.666666667,0.0,1.0,0.666666667
656,1.0,1.0,0.5,1.0,1.0,0.5
657,0.75,1.0,0.5,0.75,1.0,0.5
658,1.0,1.0,1.0,1.0,1.0,1.0
659,0.0,1.0,0.0,0.0,1.0,0.0
660,1.0,1.0,0.666666667,1.0,1.0,0.666666667
661,1.0,0.5,0.666666667,1.0,0.3333333333333333,0.666666667
662,0.5,1.0,0.5,0.5,1.0,0.5
663,1.0,1.0,0.833333333,1.0,1.0,0.833333333
664,0.5,1.0,0.666666667,0.5,1.0,0.666666667
665,0.75,1.0,0.333333333,0.75,1.0,0.333333333
666,0.5,1.0,0.666666667,0.5,1.0,0.666666667
667,1.0,1.0,0.666666667,1.0,1.0,0.666666667
668,0.75,1.0,0.666666667,0.75,1.0,0.666666667
669,1.0,1.0,0.5,1.0,1.0,0.5
670,0.75,1.0,0.666666667,0.75,1.0,0.666666667
671,0.5,1.0,0.666666667,0.5,1.0,0.666666667
672,0.0,1.0,0.833333333,0.0,1.0,0.833333333
673,1.0,1.0,0.833333333,1.0,1.0,0.833333333
674,1.0,1.0,0.666666667,1.0,1.0,0.666666667
675,1.0,1.0,0.666666667,1.0,1.0,0.666666667
676,1.0,1.0,0.5,1.0,1.0,0.5
677,0.75,1.0,0.5,0.75,1.0,0.5
678,0.75,1.0,0.833333333,0.75,1.0,0.833333333
679,0.75,1.0,0.833333333,0.75,1.0,0.833333333
680,0.5,1.0,0.833333333,0.5,1.0,0.833333333
681,0.75,1.0,0.666666667,0.75,1.0,0.666666667
682,1.0,1.0,0.5,1.0,1.0,0.5
683,1.0,1.0,0.666666667,1.0,1.0,0.666666667
684,1.0,0.75,0.666666667,1.0,0.6666666666666666,0.666666667
685,0.75,1.0,0.666666667,0.75,1.0,0.666666667
686,0.5,1.0,0.666666667,0.5,1.0,0.666666667
687,0.0,1.0,0.666666667,0.0,1.0,0.666666667
688,0.0,0.75,0.0,0.0,0.6666666666666666,0.0
689,1.0,1.0,0.833333333,1.0,1.0,0.833333333
690,0.25,1.0,0.833333333,0.25,1.0,0.833333333
691,0.25,1.0,0.833333333,0.25,1.0,0.833333333
692,0.75,1.0,0.833333333,0.75,1.0,0.833333333
693,1.0,1.0,0.833333333,1.0,1.0,0.833333333
694,1.0,1.0,0.666666667,1.0,1.0,0.666666667
695,1.0,1.0,0.666666667,1.0,1.0,0.666666667
696,0.75,1.0,0.5,0.75,1.0,0.5
697,0.75,1.0,0.5,0.75,1.0,0.5
698,0.0,1.0,0.0,0.0,1.0,0.0
699,0.75,1.0,0.666666667,0.75,1.0,0.666666667
700,1.0,1.0,1.0,1.0,1.0,1.0
701,0.0,1.0,0.5,0.0,1.0,0.5
702,1.0,1.0,0.666666667,1.0,1.0,0.666666667
703,0.5,1.0,0.666666667,0.5,1.0,0.666666667
704,1.0,1.0,0.666666667,1.0,1.0,0.666666667
705,1.0,1.0,0.5,1.0,1.0,0.5
706,0.0,1.0,0.0,0.0,1.0,0.0
707,1.0,1.0,0.666666667,1.0,1.0,0.666666667
708,1.0,0.75,0.833333333,1.0,0.6666666666666666,0.833333333
709,0.0,1.0,0.666666667,0.0,1.0,0.666666667
710,1.0,1.0,0.666666667,1.0,1.0,0.666666667
711,0.0,1.0,0.666666667,0.0,1.0,0.666666667
712,1.0,1.0,0.666666667,1.0,1.0,0.666666667
713,0.0,0.25,0.666666667,0.0,0.0,0.666666667
714,0.5,1.0,0.833333333,0.5,1.0,0.833333333
715,1.0,1.0,0.833333333,1.0,1.0,0.833333333
716,1.0,1.0,0.833333333,1.0,1.0,0.833333333
717,0.25,0.75,0.666666667,0.25,0.6666666666666666,0.666666667
718,1.0,1.0,0.833333333,1.0,1.0,0.833333333
719,0.75,1.0,0.666666667,0.75,1.0,0.666666667
720,0.0,1.0,0.5,0.0,1.0,0.5
721,1.0,1.0,0.833333333,1.0,1.0,0.833333333
722,0.25,1.0,0.5,0.25,1.0,0.5
723,1.0,1.0,0.666666667,1.0,1.0,0.666666667
724,0.75,0.5,0.5,0.75,0.3333333333333333,0.5
725,1.0,1.0,0.833333333,1.0,1.0,0.833333333
726,1.0,1.0,0.5,1.0,1.0,0.5
727,1.0,1.0,1.0,1.0,1.0,1.0
728,0.5,0.75,0.5,0.5,0.6666666666666666,0.5
729,1.0,1.0,0.833333333,1.0,1.0,0.833333333
730,1.0,1.0,0.833333333,1.0,1.0,0.833333333
731,1.0,1.0,0.833333333,1.0,1.0,0.833333333
732,0.0,1.0,0.666666667,0.0,1.0,0.666666667
733,0.0,1.0,0.333333333,0.0,1.0,0.333333333
734,0.0,1.0,0.5,0.0,1.0,0.5
735,1.0,1.0,1.0,1.0,1.0,1.0
736,1.0,1.0,0.833333333,1.0,1.0,0.833333333
737,0.75,1.0,0.5,0.75,1.0,0.5
738,1.0,1.0,0.833333333,1.0,1.0,0.833333333
739,0.0,0.75,0.0,0.0,0.6666666666666666,0.0
740,1.0,1.0,0.833333333,1.0,1.0,0.833333333
741,1.0,1.0,0.833333333,1.0,1.0,0.833333333
742,0.5,0.75,0.666666667,0.5,0.6666666666666666,0.666666667
743,0.0,1.0,0.833333333,0.0,1.0,0.833333333
744,0.5,1.0,0.666666667,0.5,1.0,0.666666667
745,0.0,1.0,0.666666667,0.0,1.0,0.666666667
746,0.5,1.0,0.666666667,0.5,1.0,0.666666667
747,0.0,1.0,0.666666667,0.0,1.0,0.666666667
748,1.0,1.0,0.666666667,1.0,1.0,0.666666667
749,1.0,1.0,0.833333333,1.0,1.0,0.833333333
750,0.75,1.0,0.833333333,0.75,1.0,0.833333333
751,1.0,1.0,0.833333333,1.0,1.0,0.833333333
752,0.0,1.0,0.0,0.0,1.0,0.0
753,0.5,1.0,1.0,0.5,1.0,1.0
754,1.0,1.0,0.666666667,1.0,1.0,0.666666667
755,0.75,1.0,0.5,0.75,1.0,0.5
756,0.0,1.0,0.0,0.0,1.0,0.0
757,0.0,1.0,0.333333333,0.0,1.0,0.333333333
758,0.0,1.0,0.666666667,0.0,1.0,0.666666667
759,1.0,1.0,0.833333333,1.0,1.0,0.833333333
760,0.5,1.0,0.833333333,0.5,1.0,0.833333333
761,1.0,1.0,0.666666667,1.0,1.0,0.666666667
762,0.75,0.75,0.5,0.75,0.6666666666666666,0.5
763,1.0,0.5,0.5,1.0,0.3333333333333333,0.5
764,0.5,1.0,0.666666667,0.5,1.0,0.666666667
765,1.0,1.0,0.833333333,1.0,1.0,0.833333333
766,0.75,1.0,0.666666667,0.75,1.0,0.666666667
767,0.75,1.0,0.833333333,0.75,1.0,0.833333333
768,1.0,1.0,0.833333333,1.0,1.0,0.833333333
769,0.5,1.0,0.666666667,0.5,1.0,0.666666667
770,0.75,1.0,0.5,0.75,1.0,0.5
771,0.0,1.0,0.5,0.0,1.0,0.5
772,1.0,1.0,0.666666667,1.0,1.0,0.666666667
773,1.0,1.0,0.833333333,1.0,1.0,0.833333333
774,1.0,1.0,1.0,1.0,1.0,1.0
775,1.0,1.0,0.5,1.0,1.0,0.5
776,1.0,1.0,0.833333333,1.0,1.0,0.833333333
777,0.0,1.0,0.666666667,0.0,1.0,0.666666667
778,0.0,1.0,0.833333333,0.0,1.0,0.833333333
779,0.75,1.0,0.666666667,0.75,1.0,0.666666667
780,0.75,0.75,0.5,0.75,0.6666666666666666,0.5
781,1.0,1.0,0.666666667,1.0,1.0,0.666666667
782,1.0,1.0,0.666666667,1.0,1.0,0.666666667
783,1.0,1.0,0.666666667,1.0,1.0,0.666666667
784,1.0,1.0,0.833333333,1.0,1.0,0.833333333
785,0.75,1.0,0.833333333,0.75,1.0,0.833333333
786,0.75,0.75,0.5,0.75,0.6666666666666666,0.5
787,0.75,1.0,0.666666667,0.75,1.0,0.666666667
788,0.75,1.0,0.833333333,0.75,1.0,0.833333333
789,0.75,1.0,0.5,0.75,1.0,0.5
790,0.0,1.0,0.0,0.0,1.0,0.0
791,0.5,1.0,0.833333333,0.5,1.0,0.833333333
792,1.0,1.0,0.833333333,1.0,1.0,0.833333333
793,1.0,1.0,0.833333333,1.0,1.0,0.833333333
794,1.0,1.0,0.666666667,1.0,1.0,0.666666667
795,1.0,1.0,0.666666667,1.0,1.0,0.666666667
796,1.0,1.0,0.833333333,1.0,1.0,0.833333333
797,1.0,1.0,0.666666667,1.0,1.0,0.666666667
798,1.0,1.0,0.666666667,1.0,1.0,0.666666667
799,0.5,1.0,0.666666667,0.5,1.0,0.666666667
800,0.0,0.75,0.833333333,0.0,0.6666666666666666,0.833333333
801,0.75,1.0,0.5,0.75,1.0,0.5
802,1.0,1.0,0.5,1.0,1.0,0.5
803,1.0,1.0,0.5,1.0,1.0,0.5
804,0.5,1.0,0.666666667,0.5,1.0,0.666666667
805,1.0,1.0,0.666666667,1.0,1.0,0.666666667
806,1.0,1.0,0.666666667,1.0,1.0,0.666666667
807,1.0,1.0,0.833333333,1.0,1.0,0.833333333
808,1.0,1.0,0.5,1.0,1.0,0.5
809,0.25,1.0,0.666666667,0.25,1.0,0.666666667
810,1.0,1.0,0.666666667,1.0,1.0,0.666666667
811,1.0,1.0,0.833333333,1.0,1.0,0.833333333
812,1.0,1.0,0.666666667,1.0,1.0,0.666666667
813,0.5,1.0,0.666666667,0.5,1.0,0.666666667
814,1.0,1.0,0.5,1.0,1.0,0.5
815,1.0,1.0,0.5,1.0,1.0,0.5
816,0.25,1.0,0.5,0.25,1.0,0.5
817,0.0,1.0,0.666666667,0.0,1.0,0.666666667
818,0.75,1.0,0.5,0.75,1.0,0.5
819,0.75,1.0,0.833333333,0.75,1.0,0.833333333
820,0.0,1.0,0.0,0.0,1.0,0.0
821,0.5,1.0,0.833333333,0.5,1.0,0.833333333
822,0.75,1.0,0.666666667,0.75,1.0,0.666666667
823,0.25,1.0,0.5,0.25,1.0,0.5
824,1.0,1.0,0.666666667,1.0,1.0,0.666666667
825,1.0,1.0,0.5,1.0,1.0,0.5
826,1.0,1.0,0.5,1.0,1.0,0.5
827,1.0,1.0,1.0,1.0,1.0,1.0
828,0.75,1.0,0.5,0.75,1.0,0.5
829,1.0,1.0,0.833333333,1.0,1.0,0.833333333
830,1.0,1.0,0.666666667,1.0,1.0,0.666666667
831,0.75,1.0,0.666666667,0.75,1.0,0.666666667
832,0.75,1.0,0.5,0.75,1.0,0.5
833,1.0,0.75,0.833333333,1.0,0.6666666666666666,0.833333333
834,1.0,1.0,0.666666667,1.0,1.0,0.666666667
835,1.0,1.0,0.666666667,1.0,1.0,0.666666667
836,0.5,1.0,0.666666667,0.5,1.0,0.666666667
837,0.0,1.0,0.666666667,0.0,1.0,0.666666667
838,1.0,1.0,0.666666667,1.0,1.0,0.666666667
839,0.0,1.0,0.5,0.0,1.0,0.5
840,1.0,1.0,0.833333333,1.0,1.0,0.833333333
841,1.0,1.0,0.666666667,1.0,1.0,0.666666667
842,0.5,1.0,0.833333333,0.5,1.0,0.833333333
843,1.0,1.0,0.666666667,1.0,1.0,0.666666667
844,0.5,1.0,0.833333333,0.5,1.0,0.833333333
845,1.0,1.0,0.666666667,1.0,1.0,0.666666667
846,1.0,1.0,0.5,1.0,1.0,0.5
847,1.0,1.0,0.5,1.0,1.0,0.5
848,1.0,1.0,0.666666667,1.0,1.0,0.666666667
849,1.0,1.0,0.833333333,1.0,1.0,0.833333333
850,0.0,1.0,0.833333333,0.0,1.0,0.833333333
851,1.0,1.0,0.666666667,1.0,1.0,0.666666667
852,0.0,1.0,0.0,0.0,1.0,0.0
853,0.75,1.0,0.5,0.75,1.0,0.5
854,1.0,1.0,0.833333333,1.0,1.0,0.833333333
855,1.0,0.75,0.666666667,1.0,0.6666666666666666,0.666666667
856,1.0,1.0,0.666666667,1.0,1.0,0.666666667
857,1.0,1.0,0.666666667,1.0,1.0,0.666666667
858,1.0,1.0,0.666666667,1.0,1.0,0.666666667
859,1.0,1.0,0.833333333,1.0,1.0,0.833333333
860,1.0,1.0,0.666666667,1.0,1.0,0.666666667
861,0.75,1.0,0.5,0.75,1.0,0.5
862,0.75,0.75,0.833333333,0.75,0.6666666666666666,0.833333333
863,0.5,1.0,0.666666667,0.5,1.0,0.666666667
864,1.0,1.0,0.5,1.0,1.0,0.5
865,0.75,1.0,0.833333333,0.75,1.0,0.833333333
866,0.75,1.0,0.5,0.75,1.0,0.5
867,1.0,1.0,0.5,1.0,1.0,0.5
868,0.0,1.0,0.0,0.0,1.0,0.0
869,1.0,1.0,0.833333333,1.0,1.0,0.833333333
870,1.0,1.0,0.666666667,1.0,1.0,0.666666667
871,0.75,1.0,0.666666667,0.75,1.0,0.666666667
872,0.5,1.0,0.666666667,0.5,1.0,0.666666667
873,0.25,1.0,0.5,0.25,1.0,0.5
874,1.0,1.0,0.666666667,1.0,1.0,0.666666667
875,0.0,1.0,0.666666667,0.0,1.0,0.666666667
876,0.5,1.0,0.666666667,0.5,1.0,0.666666667
877,1.0,0.75,0.833333333,1.0,0.6666666666666666,0.833333333
878,0.0,1.0,0.0,0.0,1.0,0.0
879,1.0,1.0,0.666666667,1.0,1.0,0.666666667
880,0.0,1.0,0.666666667,0.0,1.0,0.666666667
881,0.5,1.0,0.833333333,0.5,1.0,0.833333333
882,1.0,1.0,0.833333333,1.0,1.0,0.833333333
883,1.0,1.0,1.0,1.0,1.0,1.0
884,0.0,0.75,0.0,0.0,0.6666666666666666,0.0
885,0.5,1.0,0.666666667,0.5,1.0,0.666666667
886,0.75,1.0,0.666666667,0.75,1.0,0.666666667
887,1.0,1.0,0.833333333,1.0,1.0,0.833333333
888,0.0,1.0,0.5,0.0,1.0,0.5
889,0.75,1.0,0.5,0.75,1.0,0.5
890,1.0,1.0,0.666666667,1.0,1.0,0.666666667
891,1.0,1.0,0.666666667,1.0,1.0,0.666666667
892,1.0,1.0,0.666666667,1.0,1.0,0.666666667
893,1.0,1.0,0.833333333,1.0,1.0,0.833333333
894,0.0,1.0,0.5,0.0,1.0,0.5
895,1.0,1.0,0.833333333,1.0,1.0,0.833333333
896,1.0,1.0,0.833333333,1.0,1.0,0.833333333
897,0.5,1.0,0.666666667,0.5,1.0,0.666666667
898,0.25,1.0,0.666666667,0.25,1.0,0.666666667
899,0.5,1.0,0.833333333,0.5,1.0,0.833333333
900,1.0,1.0,0.833333333,1.0,1.0,0.833333333
901,0.5,1.0,0.5,0.5,1.0,0.5
902,1.0,0.25,0.666666667,1.0,0.0,0.666666667
903,1.0,1.0,0.833333333,1.0,1.0,0.833333333
904,1.0,1.0,0.5,1.0,1.0,0.5
905,0.5,0.75,0.666666667,0.5,0.6666666666666666,0.666666667
906,1.0,1.0,0.5,1.0,1.0,0.5
907,0.5,1.0,0.833333333,0.5,1.0,0.833333333
908,0.5,1.0,0.666666667,0.5,1.0,0.666666667
909,1.0,1.0,0.5,1.0,1.0,0.5
910,1.0,1.0,0.833333333,1.0,1.0,0.833333333
911,1.0,1.0,0.833333333,1.0,1.0,0.833333333
912,0.0,1.0,0.666666667,0.0,1.0,0.666666667
913,1.0,1.0,0.666666667,1.0,1.0,0.666666667
914,1.0,1.0,0.5,1.0,1.0,0.5
915,0.25,1.0,0.5,0.25,1.0,0.5
916,0.25,1.0,1.0,0.25,1.0,1.0
917,1.0,1.0,0.833333333,1.0,1.0,0.833333333
918,0.0,1.0,0.833333333,0.0,1.0,0.833333333
919,1.0,1.0,0.5,1.0,1.0,0.5
920,1.0,1.0,0.5,1.0,1.0,0.5
921,0.75,0.75,0.5,0.75,0.6666666666666666,0.5
922,0.0,1.0,0.833333333,0.0,1.0,0.833333333
923,1.0,1.0,0.5,1.0,1.0,0.5
924,0.0,1.0,0.5,0.0,1.0,0.5
925,0.0,1.0,0.833333333,0.0,1.0,0.833333333
926,1.0,1.0,0.833333333,1.0,1.0,0.833333333
927,0.0,1.0,0.5,0.0,1.0,0.5
928,1.0,1.0,0.833333333,1.0,1.0,0.833333333
929,1.0,1.0,0.666666667,1.0,1.0,0.666666667
930,0.25,1.0,0.666666667,0.25,1.0,0.666666667
931,0.0,1.0,0.666666667,0.0,1.0,0.666666667
932,1.0,1.0,0.833333333,1.0,1.0,0.833333333
933,1.0,1.0,0.833333333,1.0,1.0,0.833333333
934,0.75,0.75,0.5,0.75,0.6666666666666666,0.5
935,1.0,1.0,0.833333333,1.0,1.0,0.833333333
936,1.0,1.0,0.833333333,1.0,1.0,0.833333333
937,1.0,1.0,0.833333333,1.0,1.0,0.833333333
938,1.0,1.0,0.833333333,1.0,1.0,0.833333333
939,1.0,1.0,0.833333333,1.0,1.0,0.833333333
940,1.0,1.0,0.833333333,1.0,1.0,0.833333333
941,1.0,1.0,0.666666667,1.0,1.0,0.666666667
942,1.0,1.0,0.666666667,1.0,1.0,0.666666667
943,1.0,0.75,0.666666667,1.0,0.6666666666666666,0.666666667
944,1.0,1.0,0.5,1.0,1.0,0.5
945,0.5,1.0,0.833333333,0.5,1.0,0.833333333
946,0.0,0.75,0.0,0.0,0.6666666666666666,0.0
947,1.0,1.0,0.833333333,1.0,1.0,0.833333333
948,0.75,1.0,0.666666667,0.75,1.0,0.666666667
949,1.0,1.0,1.0,1.0,1.0,1.0
950,0.75,1.0,0.833333333,0.75,1.0,0.833333333
951,1.0,0.75,0.833333333,1.0,0.6666666666666666,0.833333333
952,0.5,0.75,1.0,0.5,0.6666666666666666,1.0
953,0.0,1.0,0.666666667,0.0,1.0,0.666666667
954,1.0,1.0,0.833333333,1.0,1.0,0.833333333
955,1.0,1.0,0.5,1.0,1.0,0.5
956,1.0,1.0,0.666666667,1.0,1.0,0.666666667
957,0.5,1.0,0.833333333,0.5,1.0,0.833333333
958,1.0,1.0,0.833333333,1.0,1.0,0.833333333
959,0.5,0.25,0.666666667,0.5,0.0,0.666666667
960,0.0,1.0,0.0,0.0,1.0,0.0
961,1.0,1.0,0.666666667,1.0,1.0,0.666666667
962,1.0,1.0,0.833333333,1.0,1.0,0.833333333
963,0.5,1.0,0.5,0.5,1.0,0.5
964,0.0,1.0,0.666666667,0.0,1.0,0.666666667
965,1.0,1.0,0.666666667,1.0,1.0,0.666666667
966,0.75,1.0,0.666666667,0.75,1.0,0.666666667
967,1.0,1.0,0.666666667,1.0,1.0,0.666666667
968,0.0,1.0,0.5,0.0,1.0,0.5
969,0.0,1.0,0.0,0.0,1.0,0.0
970,1.0,0.75,0.5,1.0,0.6666666666666666,0.5
971,1.0,1.0,0.666666667,1.0,1.0,0.666666667
972,0.75,1.0,0.5,0.75,1.0,0.5
973,0.5,1.0,0.666666667,0.5,1.0,0.666666667
974,0.0,0.5,0.0,0.0,0.3333333333333333,0.0
975,0.5,1.0,0.666666667,0.5,1.0,0.666666667
976,0.0,1.0,0.5,0.0,1.0,0.5
977,0.25,1.0,0.666666667,0.25,1.0,0.666666667
978,1.0,1.0,0.666666667,1.0,1.0,0.666666667
979,0.5,1.0,0.666666667,0.5,1.0,0.666666667
980,1.0,1.0,0.5,1.0,1.0,0.5
981,0.5,1.0,0.666666667,0.5,1.0,0.666666667
982,0.5,1.0,0.666666667,0.5,1.0,0.666666667
983,1.0,1.0,0.5,1.0,1.0,0.5
984,0.0,1.0,1.0,0.0,1.0,1.0
985,1.0,1.0,0.5,1.0,1.0,0.5
986,1.0,1.0,0.666666667,1.0,1.0,0.666666667
987,1.0,0.75,0.5,1.0,0.6666666666666666,0.5
988,1.0,1.0,0.666666667,1.0,1.0,0.666666667
989,0.75,0.5,0.5,0.75,0.3333333333333333,0.5
990,1.0,1.0,0.833333333,1.0,1.0,0.833333333
991,1.0,1.0,0.666666667,1.0,1.0,0.666666667
992,0.75,1.0,0.666666667,0.75,1.0,0.666666667
993,1.0,1.0,0.5,1.0,1.0,0.5
994,1.0,1.0,0.666666667,1.0,1.0,0.666666667
995,1.0,1.0,0.833333333,1.0,1.0,0.833333333
996,1.0,1.0,0.833333333,1.0,1.0,0.833333333
997,1.0,1.0,0.833333333,1.0,1.0,0.833333333
998,1.0,1.0,0.5,1.0,1.0,0.5
999,1.0,1.0,0.833333333,1.0,1.0,0.833333333
1000,1.0,1.0,0.833333333,1.0,1.0,0.833333333
1001,1.0,1.0,0.5,1.0,1.0,0.5
1002,0.5,1.0,0.833333333,0.5,1.0,0.833333333
1003,0.5,1.0,0.833333333,0.5,1.0,0.833333333
1004,0.5,1.0,0.833333333,0.5,1.0,0.833333333
1005,1.0,1.0,0.666666667,1.0,1.0,0.666666667
1006,1.0,1.0,0.666666667,1.0,1.0,0.666666667
1007,1.0,1.0,0.666666667,1.0,1.0,0.666666667
1008,0.5,1.0,0.666666667,0.5,1.0,0.666666667
1009,0.0,1.0,0.0,0.0,1.0,0.0
1010,1.0,1.0,0.666666667,1.0,1.0,0.666666667
1011,1.0,1.0,0.833333333,1.0,1.0,0.833333333
1012,1.0,1.0,0.5,1.0,1.0,0.5
1013,1.0,0.75,0.5,1.0,0.6666666666666666,0.5
1014,1.0,1.0,0.833333333,1.0,1.0,0.833333333
1015,0.0,1.0,0.833333333,0.0,1.0,0.833333333
1016,0.75,1.0,0.833333333,0.75,1.0,0.833333333
1017,1.0,1.0,0.666666667,1.0,1.0,0.666666667
1018,0.0,1.0,0.0,0.0,1.0,0.0
1019,1.0,1.0,0.666666667,1.0,1.0,0.666666667
1020,0.75,1.0,0.5,0.75,1.0,0.5
1021,0.0,1.0,0.666666667,0.0,1.0,0.666666667
1022,1.0,1.0,0.5,1.0,1.0,0.5
1023,0.25,1.0,0.666666667,0.25,1.0,0.666666667
1024,1.0,1.0,0.666666667,1.0,1.0,0.666666667
1025,1.0,1.0,0.833333333,1.0,1.0,0.833333333
1026,0.75,1.0,0.666666667,0.75,1.0,0.666666667
1027,1.0,0.75,0.666666667,1.0,0.6666666666666666,0.666666667
1028,1.0,1.0,0.666666667,1.0,1.0,0.666666667
1029,1.0,1.0,0.666666667,1.0,1.0,0.666666667
1030,0.5,1.0,0.666666667,0.5,1.0,0.666666667
1031,1.0,1.0,0.666666667,1.0,1.0,0.666666667
1032,1.0,1.0,0.5,1.0,1.0,0.5
1033,0.0,1.0,0.5,0.0,1.0,0.5
1034,0.75,1.0,0.666666667,0.75,1.0,0.666666667
1035,0.0,1.0,0.666666667,0.0,1.0,0.666666667
1036,1.0,1.0,0.5,1.0,1.0,0.5
1037,1.0,1.0,0.666666667,1.0,1.0,0.666666667
1038,0.25,1.0,1.0,0.25,1.0,1.0
1039,0.0,1.0,0.0,0.0,1.0,0.0
1040,0.5,1.0,0.666666667,0.5,1.0,0.666666667
1041,0.25,1.0,0.5,0.25,1.0,0.5
1042,1.0,1.0,0.666666667,1.0,1.0,0.666666667
1043,0.0,1.0,0.666666667,0.0,1.0,0.666666667
1044,0.5,1.0,0.666666667,0.5,1.0,0.666666667
1045,1.0,1.0,0.666666667,1.0,1.0,0.666666667
1046,1.0,1.0,0.833333333,1.0,1.0,0.833333333
1047,0.75,0.75,0.666666667,0.75,0.6666666666666666,0.666666667
1048,0.5,1.0,0.666666667,0.5,1.0,0.666666667
1049,0.0,1.0,0.0,0.0,1.0,0.0
1050,0.0,1.0,0.0,0.0,1.0,0.0
1051,1.0,1.0,0.833333333,1.0,1.0,0.833333333
1052,0.0,0.5,0.666666667,0.0,0.3333333333333333,0.666666667
1053,1.0,1.0,0.666666667,1.0,1.0,0.666666667
1054,1.0,1.0,0.5,1.0,1.0,0.5
1055,0.75,0.75,0.833333333,0.75,0.6666666666666666,0.833333333
1056,1.0,1.0,0.5,1.0,1.0,0.5
1057,0.5,0.5,0.833333333,0.5,0.3333333333333333,0.833333333
1058,1.0,0.75,0.666666667,1.0,0.6666666666666666,0.666666667
1059,0.75,1.0,0.5,0.75,1.0,0.5
1060,0.5,1.0,0.833333333,0.5,1.0,0.833333333
1061,0.0,1.0,0.666666667,0.0,1.0,0.666666667
1062,1.0,1.0,0.5,1.0,1.0,0.5
1063,1.0,1.0,0.833333333,1.0,1.0,0.833333333
1064,1.0,1.0,0.5,1.0,1.0,0.5
1065,1.0,1.0,0.666666667,1.0,1.0,0.666666667
1066,0.75,1.0,0.5,0.75,1.0,0.5
1067,1.0,0.75,0.666666667,1.0,0.6666666666666666,0.666666667
1068,1.0,1.0,1.0,1.0,1.0,1.0
1069,0.0,1.0,0.0,0.0,1.0,0.0
1070,1.0,1.0,0.5,1.0,1.0,0.5
1071,0.75,1.0,0.5,0.75,1.0,0.5
1072,1.0,1.0,0.5,1.0,1.0,0.5
1073,0.75,1.0,0.666666667,0.75,1.0,0.666666667
1074,0.0,1.0,0.5,0.0,1.0,0.5
1075,0.75,0.75,0.5,0.75,0.6666666666666666,0.5
1076,0.75,1.0,0.666666667,0.75,1.0,0.666666667
1077,0.75,1.0,0.833333333,0.75,1.0,0.833333333
1078,1.0,1.0,0.833333333,1.0,1.0,0.833333333
1079,0.75,1.0,0.5,0.75,1.0,0.5
1080,1.0,1.0,0.833333333,1.0,1.0,0.833333333
1081,1.0,1.0,0.666666667,1.0,1.0,0.666666667
1082,0.75,0.5,0.833333333,0.75,0.3333333333333333,0.833333333
1083,0.0,1.0,0.666666667,0.0,1.0,0.666666667
1084,0.5,1.0,0.833333333,0.5,1.0,0.833333333
1085,1.0,1.0,0.5,1.0,1.0,0.5
1086,0.75,0.75,0.666666667,0.75,0.6666666666666666,0.666666667
1087,0.75,1.0,0.5,0.75,1.0,0.5
1088,1.0,1.0,0.5,1.0,1.0,0.5
1089,1.0,1.0,0.833333333,1.0,1.0,0.833333333
1090,0.5,1.0,0.5,0.5,1.0,0.5
1091,1.0,1.0,0.666666667,1.0,1.0,0.666666667
1092,1.0,1.0,0.666666667,1.0,1.0,0.666666667
1093,0.0,1.0,0.5,0.0,1.0,0.5
1094,0.0,1.0,0.0,0.0,1.0,0.0
1095,1.0,1.0,0.666666667,1.0,1.0,0.666666667
1096,1.0,1.0,0.833333333,1.0,1.0,0.833333333
1097,1.0,1.0,0.5,1.0,1.0,0.5
1098,0.75,1.0,0.666666667,0.75,1.0,0.666666667
1099,0.5,1.0,0.5,0.5,1.0,0.5
1100,0.5,1.0,0.666666667,0.5,1.0,0.666666667
1101,0.75,1.0,0.833333333,0.75,1.0,0.833333333
1102,1.0,1.0,0.666666667,1.0,1.0,0.666666667
1103,0.75,0.75,0.833333333,0.75,0.6666666666666666,0.833333333
1104,1.0,1.0,0.5,1.0,1.0,0.5
1105,0.0,1.0,0.666666667,0.0,1.0,0.666666667
1106,1.0,0.75,0.833333333,1.0,0.6666666666666666,0.833333333
1107,1.0,1.0,1.0,1.0,1.0,1.0
1108,1.0,1.0,0.666666667,1.0,1.0,0.666666667
1109,0.0,1.0,0.666666667,0.0,1.0,0.666666667
1110,1.0,1.0,0.666666667,1.0,1.0,0.666666667
1111,1.0,0.75,0.666666667,1.0,0.6666666666666666,0.666666667
1112,0.0,1.0,0.0,0.0,1.0,0.0
1113,1.0,1.0,0.666666667,1.0,1.0,0.666666667
1114,0.5,0.5,0.666666667,0.5,0.3333333333333333,0.666666667
1115,1.0,0.75,0.666666667,1.0,0.6666666666666666,0.666666667
1116,1.0,1.0,0.666666667,1.0,1.0,0.666666667
1117,0.75,1.0,0.666666667,0.75,1.0,0.666666667
1118,0.75,1.0,0.666666667,0.75,1.0,0.666666667
1119,1.0,1.0,0.833333333,1.0,1.0,0.833333333
1120,0.75,1.0,0.666666667,0.75,1.0,0.666666667
1121,1.0,0.25,0.666666667,1.0,0.0,0.666666667
1122,1.0,1.0,0.833333333,1.0,1.0,0.833333333
1123,1.0,1.0,0.666666667,1.0,1.0,0.666666667
1124,1.0,1.0,0.833333333,1.0,1.0,0.833333333
1125,1.0,1.0,0.5,1.0,1.0,0.5
1126,1.0,1.0,0.833333333,1.0,1.0,0.833333333
1127,0.0,1.0,0.666666667,0.0,1.0,0.666666667
1128,1.0,1.0,0.666666667,1.0,1.0,0.666666667
1129,1.0,1.0,0.5,1.0,1.0,0.5
1130,1.0,1.0,0.833333333,1.0,1.0,0.833333333
1131,1.0,1.0,0.833333333,1.0,1.0,0.833333333
1132,0.0,1.0,0.833333333,0.0,1.0,0.833333333
1133,1.0,1.0,1.0,1.0,1.0,1.0
1134,1.0,1.0,0.833333333,1.0,1.0,0.833333333
1135,1.0,1.0,0.833333333,1.0,1.0,0.833333333
1136,1.0,1.0,0.833333333,1.0,1.0,0.833333333
1137,0.0,0.75,0.5,0.0,0.6666666666666666,0.5
1138,1.0,1.0,0.833333333,1.0,1.0,0.833333333
1139,1.0,1.0,1.0,1.0,1.0,1.0
1140,1.0,1.0,0.833333333,1.0,1.0,0.833333333
1141,1.0,1.0,0.5,1.0,1.0,0.5
1142,0.0,1.0,0.0,0.0,1.0,0.0
1143,1.0,1.0,0.833333333,1.0,1.0,0.833333333
1144,1.0,1.0,0.833333333,1.0,1.0,0.833333333
1145,0.0,0.75,0.0,0.0,0.6666666666666666,0.0
1146,1.0,1.0,0.666666667,1.0,1.0,0.666666667
1147,0.5,0.75,0.833333333,0.5,0.6666666666666666,0.833333333
1148,1.0,1.0,0.5,1.0,1.0,0.5
1149,1.0,1.0,0.5,1.0,1.0,0.5
1150,1.0,0.75,0.833333333,1.0,0.6666666666666666,0.833333333
1151,1.0,1.0,0.5,1.0,1.0,0.5
1152,1.0,1.0,0.666666667,1.0,1.0,0.666666667
1153,1.0,1.0,0.666666667,1.0,1.0,0.666666667
1154,1.0,1.0,0.833333333,1.0,1.0,0.833333333
1155,1.0,1.0,0.833333333,1.0,1.0,0.833333333
1156,1.0,1.0,1.0,1.0,1.0,1.0
1157,1.0,1.0,0.666666667,1.0,1.0,0.666666667
1158,1.0,1.0,0.666666667,1.0,1.0,0.666666667
1159,1.0,1.0,1.0,1.0,1.0,1.0
1160,1.0,1.0,0.666666667,1.0,1.0,0.666666667
1161,1.0,1.0,0.5,1.0,1.0,0.5
1162,0.75,1.0,0.833333333,0.75,1.0,0.833333333
1163,0.0,1.0,0.666666667,0.0,1.0,0.666666667
1164,0.0,1.0,0.833333333,0.0,1.0,0.833333333
1165,1.0,0.75,0.666666667,1.0,0.6666666666666666,0.666666667
1166,0.75,1.0,0.5,0.75,1.0,0.5
1167,1.0,1.0,0.833333333,1.0,1.0,0.833333333
1168,1.0,1.0,0.666666667,1.0,1.0,0.666666667
1169,1.0,1.0,0.5,1.0,1.0,0.5
1170,1.0,1.0,0.833333333,1.0,1.0,0.833333333
1171,0.75,1.0,0.5,0.75,1.0,0.5
1172,1.0,1.0,1.0,1.0,1.0,1.0
1173,0.75,1.0,0.666666667,0.75,1.0,0.666666667
1174,0.75,1.0,0.666666667,0.75,1.0,0.666666667
1175,1.0,1.0,0.833333333,1.0,1.0,0.833333333
1176,1.0,1.0,0.833333333,1.0,1.0,0.833333333
1177,0.75,1.0,1.0,0.75,1.0,1.0
1178,1.0,1.0,0.833333333,1.0,1.0,0.833333333
1179,1.0,1.0,0.833333333,1.0,1.0,0.833333333
1180,1.0,1.0,0.666666667,1.0,1.0,0.666666667
1181,1.0,1.0,0.5,1.0,1.0,0.5
1182,1.0,1.0,0.666666667,1.0,1.0,0.666666667
1183,1.0,1.0,1.0,1.0,1.0,1.0
1184,1.0,0.75,0.666666667,1.0,0.6666666666666666,0.666666667
1185,1.0,1.0,0.833333333,1.0,1.0,0.833333333
1186,0.75,1.0,0.5,0.75,1.0,0.5
1187,1.0,1.0,0.5,1.0,1.0,0.5
1188,0.75,1.0,0.666666667,0.75,1.0,0.666666667
1189,0.75,1.0,0.666666667,0.75,1.0,0.666666667
1190,1.0,1.0,0.833333333,1.0,1.0,0.833333333
1191,1.0,1.0,0.666666667,1.0,1.0,0.666666667
1192,0.25,1.0,0.666666667,0.25,1.0,0.666666667
1193,0.0,1.0,0.0,0.0,1.0,0.0
1194,1.0,1.0,0.5,1.0,1.0,0.5
1195,1.0,1.0,0.833333333,1.0,1.0,0.833333333
1196,1.0,1.0,0.666666667,1.0,1.0,0.666666667
1197,1.0,1.0,0.5,1.0,1.0,0.5
1198,1.0,1.0,0.666666667,1.0,1.0,0.666666667
1199,0.0,1.0,0.5,0.0,1.0,0.5
1200,0.75,1.0,0.5,0.75,1.0,0.5
1201,1.0,1.0,1.0,1.0,1.0,1.0
1202,0.0,1.0,0.666666667,0.0,1.0,0.666666667
1203,0.0,1.0,0.666666667,0.0,1.0,0.666666667
1204,0.0,1.0,0.833333333,0.0,1.0,0.833333333
1205,1.0,1.0,0.666666667,1.0,1.0,0.666666667
1206,1.0,1.0,0.666666667,1.0,1.0,0.666666667
1207,1.0,1.0,0.666666667,1.0,1.0,0.666666667
1208,1.0,1.0,1.0,1.0,1.0,1.0
1209,0.0,1.0,0.5,0.0,1.0,0.5
1210,0.0,1.0,0.0,0.0,1.0,0.0
1211,1.0,1.0,0.666666667,1.0,1.0,0.666666667
1212,1.0,1.0,0.833333333,1.0,1.0,0.833333333
1213,1.0,1.0,0.5,1.0,1.0,0.5
1214,1.0,1.0,0.833333333,1.0,1.0,0.833333333
1215,1.0,1.0,0.666666667,1.0,1.0,0.666666667
1216,1.0,1.0,0.5,1.0,1.0,0.5
1217,1.0,1.0,0.666666667,1.0,1.0,0.666666667
1218,1.0,1.0,0.666666667,1.0,1.0,0.666666667
1219,1.0,1.0,0.833333333,1.0,1.0,0.833333333
1220,0.25,1.0,0.666666667,0.25,1.0,0.666666667
1221,1.0,1.0,0.833333333,1.0,1.0,0.833333333
1222,1.0,1.0,0.666666667,1.0,1.0,0.666666667
1223,1.0,1.0,1.0,1.0,1.0,1.0
1224,0.5,1.0,0.833333333,0.5,1.0,0.833333333
1225,1.0,1.0,0.666666667,1.0,1.0,0.666666667
1226,0.75,1.0,0.5,0.75,1.0,0.5
1227,1.0,1.0,0.833333333,1.0,1.0,0.833333333
1228,1.0,1.0,0.666666667,1.0,1.0,0.666666667
1229,1.0,1.0,0.666666667,1.0,1.0,0.666666667
1230,0.5,0.75,0.666666667,0.5,0.6666666666666666,0.666666667
1231,0.0,1.0,0.0,0.0,1.0,0.0
1232,1.0,1.0,0.833333333,1.0,1.0,0.833333333
1233,1.0,1.0,0.5,1.0,1.0,0.5
1234,0.5,1.0,1.0,0.5,1.0,1.0
1235,1.0,1.0,0.833333333,1.0,1.0,0.833333333
1236,1.0,1.0,0.666666667,1.0,1.0,0.666666667
1237,1.0,1.0,0.833333333,1.0,1.0,0.833333333
1238,1.0,1.0,0.5,1.0,1.0,0.5
1239,0.5,1.0,0.833333333,0.5,1.0,0.833333333
1240,0.5,1.0,0.833333333,0.5,1.0,0.833333333
1241,0.5,1.0,0.5,0.5,1.0,0.5
1242,1.0,1.0,0.5,1.0,1.0,0.5
1243,0.0,1.0,0.833333333,0.0,1.0,0.833333333
1244,0.75,0.5,0.666666667,0.75,0.3333333333333333,0.666666667
1245,1.0,1.0,0.833333333,1.0,1.0,0.833333333
1246,0.0,1.0,0.5,0.0,1.0,0.5
1247,1.0,1.0,0.666666667,1.0,1.0,0.666666667
1248,1.0,1.0,0.833333333,1.0,1.0,0.833333333
1249,1.0,1.0,0.5,1.0,1.0,0.5
1250,1.0,1.0,0.666666667,1.0,1.0,0.666666667
1251,0.75,1.0,0.5,0.75,1.0,0.5
1252,0.0,1.0,0.666666667,0.0,1.0,0.666666667
1253,1.0,1.0,1.0,1.0,1.0,1.0
1254,1.0,0.75,0.833333333,1.0,0.6666666666666666,0.833333333
1255,1.0,1.0,0.666666667,1.0,1.0,0.666666667
1256,0.0,1.0,0.0,0.0,1.0,0.0
1257,0.0,1.0,0.0,0.0,1.0,0.0
1258,0.75,1.0,0.833333333,0.75,1.0,0.833333333
1259,1.0,1.0,0.666666667,1.0,1.0,0.666666667
1260,1.0,0.75,0.666666667,1.0,0.6666666666666666,0.666666667
1261,0.0,1.0,0.833333333,0.0,1.0,0.833333333
1262,1.0,1.0,0.833333333,1.0,1.0,0.833333333
1263,0.5,1.0,0.833333333,0.5,1.0,0.833333333
1264,0.75,1.0,0.666666667,0.75,1.0,0.666666667
1265,1.0,1.0,0.666666667,1.0,1.0,0.666666667
1266,0.0,1.0,0.0,0.0,1.0,0.0
1267,1.0,1.0,0.666666667,1.0,1.0,0.666666667
1268,0.0,1.0,0.5,0.0,1.0,0.5
1269,1.0,1.0,0.833333333,1.0,1.0,0.833333333
1270,0.75,1.0,0.5,0.75,1.0,0.5
1271,0.5,1.0,0.5,0.5,1.0,0.5
1272,0.0,1.0,0.5,0.0,1.0,0.5
1273,1.0,1.0,0.5,1.0,1.0,0.5
1274,0.0,1.0,0.666666667,0.0,1.0,0.666666667
1275,1.0,1.0,1.0,1.0,1.0,1.0
1276,1.0,1.0,0.5,1.0,1.0,0.5
1277,1.0,1.0,0.666666667,1.0,1.0,0.666666667
1278,0.0,1.0,0.0,0.0,1.0,0.0
1279,0.0,1.0,0.833333333,0.0,1.0,0.833333333
1280,1.0,1.0,0.666666667,1.0,1.0,0.666666667
1281,1.0,1.0,0.833333333,1.0,1.0,0.833333333
1282,1.0,1.0,0.666666667,1.0,1.0,0.666666667
1283,1.0,1.0,0.5,1.0,1.0,0.5
1284,0.0,1.0,0.0,0.0,1.0,0.0
1285,1.0,1.0,0.5,1.0,1.0,0.5
1286,0.0,1.0,0.0,0.0,1.0,0.0
1287,0.0,0.75,0.0,0.0,0.6666666666666666,0.0
1288,1.0,1.0,0.666666667,1.0,1.0,0.666666667
1289,0.5,1.0,0.666666667,0.5,1.0,0.666666667
1290,0.0,1.0,0.0,0.0,1.0,0.0
1291,0.75,1.0,0.666666667,0.75,1.0,0.666666667
1292,1.0,1.0,1.0,1.0,1.0,1.0
1293,0.0,1.0,0.666666667,0.0,1.0,0.666666667
1294,1.0,1.0,0.833333333,1.0,1.0,0.833333333
1295,0.0,1.0,0.0,0.0,1.0,0.0
1296,1.0,1.0,0.666666667,1.0,1.0,0.666666667
1297,1.0,1.0,0.833333333,1.0,1.0,0.833333333
1298,1.0,1.0,0.833333333,1.0,1.0,0.833333333
1299,1.0,1.0,0.5,1.0,1.0,0.5
1300,1.0,1.0,0.666666667,1.0,1.0,0.666666667
1301,0.0,0.75,0.0,0.0,0.6666666666666666,0.0
1302,1.0,1.0,0.833333333,1.0,1.0,0.833333333
1303,0.0,1.0,0.666666667,0.0,1.0,0.666666667
1304,1.0,1.0,1.0,1.0,1.0,1.0
1305,1.0,1.0,0.833333333,1.0,1.0,0.833333333
1306,0.75,0.75,0.5,0.75,0.6666666666666666,0.5
1307,1.0,1.0,1.0,1.0,1.0,1.0
1308,0.75,1.0,0.5,0.75,1.0,0.5
1309,1.0,1.0,0.833333333,1.0,1.0,0.833333333
1310,0.75,1.0,0.833333333,0.75,1.0,0.833333333
1311,0.0,1.0,0.0,0.0,1.0,0.0
1312,1.0,1.0,0.666666667,1.0,1.0,0.666666667
1313,1.0,1.0,0.666666667,1.0,1.0,0.666666667
1314,1.0,1.0,0.5,1.0,1.0,0.5
1315,1.0,1.0,0.5,1.0,1.0,0.5
1316,0.75,1.0,0.666666667,0.75,1.0,0.666666667
1317,1.0,0.75,0.666666667,1.0,0.6666666666666666,0.666666667
1318,1.0,1.0,0.666666667,1.0,1.0,0.666666667
1319,1.0,1.0,0.666666667,1.0,1.0,0.666666667
1320,1.0,1.0,0.833333333,1.0,1.0,0.833333333
1321,1.0,1.0,0.666666667,1.0,1.0,0.666666667
1322,0.0,1.0,0.5,0.0,1.0,0.5
1323,1.0,1.0,0.833333333,1.0,1.0,0.833333333
1324,0.75,1.0,0.833333333,0.75,1.0,0.833333333
1325,1.0,1.0,0.666666667,1.0,1.0,0.666666667
1326,1.0,1.0,1.0,1.0,1.0,1.0
1327,1.0,1.0,0.666666667,1.0,1.0,0.666666667
1328,1.0,1.0,0.833333333,1.0,1.0,0.833333333
1329,1.0,1.0,0.666666667,1.0,1.0,0.666666667
1330,1.0,1.0,0.666666667,1.0,1.0,0.666666667
1331,1.0,1.0,0.833333333,1.0,1.0,0.833333333
1332,0.75,1.0,0.666666667,0.75,1.0,0.666666667
1333,0.75,0.75,0.666666667,0.75,0.6666666666666666,0.666666667
1334,0.0,1.0,0.833333333,0.0,1.0,0.833333333
1335,1.0,1.0,0.833333333,1.0,1.0,0.833333333
1336,1.0,1.0,0.666666667,1.0,1.0,0.666666667
1337,1.0,1.0,0.666666667,1.0,1.0,0.666666667
1338,1.0,1.0,1.0,1.0,1.0,1.0
1339,1.0,0.75,0.666666667,1.0,0.6666666666666666,0.666666667
1340,0.75,1.0,0.666666667,0.75,1.0,0.666666667
1341,0.75,1.0,0.833333333,0.75,1.0,0.833333333
1342,1.0,1.0,0.833333333,1.0,1.0,0.833333333
1343,0.0,1.0,0.666666667,0.0,1.0,0.666666667
1344,1.0,0.75,0.5,1.0,0.6666666666666666,0.5
1345,1.0,1.0,0.5,1.0,1.0,0.5
1346,1.0,0.75,0.833333333,1.0,0.6666666666666666,0.833333333
1347,0.75,1.0,0.666666667,0.75,1.0,0.666666667
1348,1.0,1.0,0.666666667,1.0,1.0,0.666666667
1349,0.75,1.0,0.5,0.75,1.0,0.5
1350,0.0,1.0,0.5,0.0,1.0,0.5
1351,1.0,1.0,0.666666667,1.0,1.0,0.666666667
1352,0.75,1.0,0.666666667,0.75,1.0,0.666666667
1353,0.75,1.0,0.833333333,0.75,1.0,0.833333333
1354,1.0,1.0,1.0,1.0,1.0,1.0
1355,0.75,1.0,0.833333333,0.75,1.0,0.833333333
1356,1.0,1.0,0.833333333,1.0,1.0,0.833333333
1357,1.0,1.0,0.833333333,1.0,1.0,0.833333333
1358,1.0,1.0,0.833333333,1.0,1.0,0.833333333
1359,1.0,1.0,0.666666667,1.0,1.0,0.666666667
1360,0.75,1.0,0.5,0.75,1.0,0.5
1361,0.75,1.0,0.666666667,0.75,1.0,0.666666667
1362,1.0,1.0,0.833333333,1.0,1.0,0.833333333
1363,1.0,1.0,0.833333333,1.0,1.0,0.833333333
1364,0.75,0.75,0.833333333,0.75,0.6666666666666666,0.833333333
1365,1.0,1.0,0.833333333,1.0,1.0,0.833333333
1366,0.75,1.0,0.666666667,0.75,1.0,0.666666667
1367,1.0,1.0,0.833333333,1.0,1.0,0.833333333
1368,1.0,1.0,0.666666667,1.0,1.0,0.666666667
1369,0.5,1.0,0.5,0.5,1.0,0.5
1370,0.75,1.0,0.666666667,0.75,1.0,0.666666667
1371,1.0,1.0,0.833333333,1.0,1.0,0.833333333
1372,0.5,1.0,0.833333333,0.5,1.0,0.833333333
1373,1.0,1.0,0.833333333,1.0,1.0,0.833333333
1374,1.0,1.0,0.666666667,1.0,1.0,0.666666667
1375,1.0,1.0,0.833333333,1.0,1.0,0.833333333
1376,0.0,1.0,0.0,0.0,1.0,0.0
1377,0.0,1.0,0.0,0.0,1.0,0.0
1378,0.5,1.0,0.666666667,0.5,1.0,0.666666667
1379,1.0,1.0,0.833333333,1.0,1.0,0.833333333
1380,0.0,1.0,0.0,0.0,1.0,0.0
1381,0.0,1.0,0.0,0.0,1.0,0.0
1382,0.75,1.0,0.666666667,0.75,1.0,0.666666667
1383,1.0,1.0,0.666666667,1.0,1.0,0.666666667
1384,1.0,1.0,0.666666667,1.0,1.0,0.666666667
1385,1.0,1.0,0.5,1.0,1.0,0.5
